agent_id,agent_name,region,branch_code
1,Zachary Christian,West,BR571
2,Cindy Chavez,West,BR689
3,Matthew Jones,North,BR854
4,Jeremy Dennis,North,BR394
5,Destiny Nichols,West,BR455
6,Catherine Carter,East,BR500
7,Elizabeth Lynch,Central,BR943
8,Rebecca Li,South,BR525
9,Joanna Fisher,South,BR283
10,Keith Santiago,Central,BR850
11,Robert Robinson,West,BR568
12,Terrence Ortiz,West,BR774
13,William Miller,South,BR815
14,Stephen Gallegos,Central,BR197
15,Brian Acosta,West,BR815
16,Jane Carpenter,North,BR345
17,Donald Alexander,South,BR380
18,Jeffrey Torres,Central,BR398
19,Amy Reed,North,BR814
20,Ana Garcia,South,BR605
21,Lisa Velez,West,BR880
22,Justin Davis PhD,Central,BR224
23,Angel Madden,East,BR178
24,Richard Nichols,North,BR616
25,Marcus Anthony,East,BR519
26,Michael Davidson,West,BR268
27,Kelly Stafford,East,BR312
28,Elizabeth Miller,Central,BR145
29,Jessica Sharp,West,BR127
30,John Owens,North,BR754
31,Lee Martin,West,BR490
32,Stephen Harrison,East,BR863
33,Amanda Yang,West,BR976
34,Haley Hernandez,South,BR506
35,Mrs. Lisa Castillo DDS,North,BR110
36,Michaela Miles,East,BR217
37,Zachary Johnson,South,BR434
38,Bradley Brown,West,BR596
39,Sharon Davis,West,BR169
40,Justin Graham,North,BR661
41,Melissa Bishop,South,BR830
42,Julie Baker,West,BR243
43,Lisa Lawrence,West,BR940
44,Sharon Randolph,East,BR961
45,Jack George,South,BR274
46,Adam Valencia,North,BR721
47,Crystal Baker,North,BR281
48,Brandi Thomas,East,BR227
49,Katelyn Wolf,Central,BR859
50,Garrett Torres,West,BR272
51,Jenny Jackson,North,BR787
52,Natasha Figueroa,North,BR793
53,Michael Scott,East,BR257
54,Anna Mills,West,BR466
55,Bryan Wong,South,BR321
56,Jared Hill,North,BR791
57,Vincent Berg,Central,BR321
58,Marcus Farmer,West,BR813
59,Jacob Cherry,North,BR956
60,Timothy Ruiz,Central,BR756
61,Peter Lynch,North,BR499
62,Joel Merritt,East,BR554
63,Brittany Hooper,North,BR712
64,Donald King,North,BR149
65,Parker Carroll,West,BR885
66,Karen Johnston,South,BR355
67,Tony Martin,East,BR344
68,Craig Walker,South,BR193
69,Jason Green,North,BR531
70,Patricia Le,North,BR114
71,Steven Casey,East,BR940
72,Steven Williams,South,BR796
73,Kimberly Stone,North,BR325
74,Nicholas Boyd,North,BR916
75,Laura Dillon,South,BR841
76,Allison Patterson,South,BR145
77,Lorraine Ward,West,BR624
78,Julie Robinson,North,BR935
79,Antonio Bell,East,BR430
80,Michael Barnes,Central,BR741
81,Teresa Beck,South,BR739
82,Wendy Brooks,South,BR654
83,Bradley Gonzalez,West,BR538
84,Todd Burgess,North,BR337
85,Cindy Turner MD,South,BR208
86,Donna Hahn,East,BR431
87,George James,South,BR115
88,Katrina Lowe,West,BR769
89,John Young,East,BR112
90,Kevin Medina,West,BR317
91,Andre Lamb,West,BR325
92,Faith Wagner,North,BR773
93,Lauren Rodgers,East,BR765
94,Christopher Hernandez,Central,BR477
95,Courtney Hopkins,North,BR168
96,Rebecca Rivera,South,BR520
97,Helen Lee,East,BR885
98,Rebecca Price,Central,BR611
99,Evelyn Moore,North,BR829
100,James Ayers,Central,BR910
101,Joshua Mcdowell,Central,BR275
102,Douglas Russell,East,BR197
103,Derrick Haas,Central,BR432
104,Melissa Hughes,West,BR794
105,Anthony Jones,South,BR440
106,Terri Williams,South,BR750
107,Laura Salinas,East,BR971
108,Kyle Morgan,West,BR169
109,James Sweeney,East,BR118
110,Nathan Jensen,Central,BR699
111,Charles Perkins,West,BR491
112,Mrs. Elizabeth Lopez DDS,Central,BR755
113,Rebecca Rodriguez,South,BR615
114,Javier Lee,Central,BR821
115,James Cook,North,BR338
116,Nicole Durham,North,BR731
117,Andrew Perkins,North,BR416
118,Angel Lewis,South,BR855
119,Joseph Mendez,West,BR875
120,Samantha Byrd,South,BR734
121,Stacy Malone,North,BR161
122,Janet Johnson,South,BR483
123,Stephen Smith,West,BR403
124,Kyle Thompson,South,BR255
125,Michele Johnson,West,BR309
126,Jennifer Johnson,North,BR343
127,Vicki Bates,Central,BR554
128,Richard Nelson,East,BR237
129,Katherine Chan,East,BR425
130,Carrie Trevino,North,BR633
131,Kathleen Simpson,West,BR763
132,Sean Harrington,East,BR868
133,Tommy Espinoza,North,BR334
134,Thomas Brown,East,BR450
135,Jose Phillips,South,BR310
136,Ray Lucero,Central,BR155
137,Katherine Benjamin,South,BR920
138,Mike Green,South,BR722
139,Bryan Malone,West,BR633
140,Robert Charles,East,BR287
141,Joel George,West,BR744
142,Melissa Perez,North,BR166
143,Vincent Kelly,West,BR171
144,Ellen Smith,South,BR153
145,Michael Rodriguez,South,BR309
146,Joseph West,South,BR193
147,Elizabeth Warner,South,BR706
148,Kathleen Edwards,Central,BR951
149,Anna Miller,South,BR341
150,Robert Johnson,Central,BR180
